numero,orgao,data_aprovacao,publicacoes,enunciado,referencias_legislativas,precedentes
1,TURMA NACIONAL DE UNIFORMIZAÇÃO DOS JUIZADOS ESPECIAIS  FEDERAIS,30/09/2002,"DJ DATA:08/10/2002, PG:00292","A conversão dos benefícios previdenciários em URV, em março/94, obedece às disposições do art. 20, incisos I e II da Lei 8.880/94 (MP nº 434/94).","Lei nº 8.700/93, Lei nº 8.542/92, Lei nº 8.880 (incs. I e II, e § 5º)","REsp 241.735/SC, REsp 280.580/SP, REsp 323.569/RS, REsp 421.832/SC, AgRegREsp 373.544/RJ, AgRegREsp 421.900/PE, RE 313.382-9 - Plenário do STF (Julgamento: 26.9.2002)"
6,TURMA NACIONAL DE UNIFORMIZAÇÃO DOS JUIZADOS ESPECIAIS  FEDERAIS,26/08/2003,"DJ DATA:25/09/2003, PG:00493",A certidão de casamento ou outro documento idôneo que evidencie a condição de trabalhador rural do cônjuge constitui início razoável de prova material da atividade rurícola.,"Lei Complementar nº 16, de 30/10/1973, art. 3º, § 1º, ""b"" e § 2º , Lei nº 8.213/91, arts. 55, § 3º e 142","EREsp 104312/SP, EREsp 270747/SP, AGA 351175/SP, REsp 317277/RS, REsp 354596/SP, REsp 386538/RS, REsp 440504/SC, AR 1418/SP"
2,TURMA NACIONAL DE UNIFORMIZAÇÃO DOS JUIZADOS ESPECIAIS  FEDERAIS,17/02/2003,"DJ DATA:13/03/2003, PG:00457","Os benefícios previdenciários, em maio de 1996, deverão ser reajustados na forma da Medida Provisória 1.415, de 29 de abril de 1996, convertida na Lei 9.711, de 20 de novembro de 1998.","Lei nº 9.711/98, MP nº 1.415/96, MP nº 1.572-1/97, MP nº 1.824/99, MP nº 2.022-17/2000, Decreto nº 3.826/01","REsp 277230/SP, REsp 338180/SP, REsp 236841/RS, RE 231412/RS"
9,TURMA NACIONAL DE UNIFORMIZAÇÃO DOS JUIZADOS ESPECIAIS  FEDERAIS,13/10/2003,"DJ DATA:05/11/2003, PG:00551","O uso de Equipamento de Proteção Individual (EPI), ainda que elimine a insalubridade, no caso de exposição a ruído, não descaracteriza o tempo de serviço especial prestado.",CLT-1943  CONSOLIDAÇÃO DAS LEIS DO TRABALHO,"AC 2000.38.00.032729-1/MG, AMS 2001.38.00.069-3/MG, AC 1999.03.99076863-0/SP, Recurso nº 2003.38.00.703890-0 (2ª Turma Recursal dos Juizados Especiais Federais de Minas Gerais)"
8,TURMA NACIONAL DE UNIFORMIZAÇÃO DOS JUIZADOS ESPECIAIS  FEDERAIS,13/10/2003,"DJ DATA:05/11/2003, PG:00551","Os benefícios de prestação continuada, no regime geral da Previdência Social, não serão reajustados com base no IGP-DI nos anos de 1997, 1999, 2000 e 2001.",,RE 376.846/SC
7,TURMA NACIONAL DE UNIFORMIZAÇÃO DOS JUIZADOS ESPECIAIS  FEDERAIS,26/08/2003,"DJ DATA:25/09/2003, PG:00493",Descabe incidente de uniformização versando sobre honorários advocatícios por se tratar de questão de direito processual.,"Lei nº 10.259/2001, art. 14, caput",
4,TURMA NACIONAL DE UNIFORMIZAÇÃO DOS JUIZADOS ESPECIAIS  FEDERAIS,10/06/2003,"DJ DATA:23/06/2003, PG:00555","Não há direito adquirido à condição de dependente de pessoa designada, quando o falecimento do segurado deu-se após o advento da Lei 9.032/95.",Lei nº 9.032/95,"REsp 189.187/RN, REsp 234.123/RN"
5,TURMA NACIONAL DE UNIFORMIZAÇÃO DOS JUIZADOS ESPECIAIS  FEDERAIS,26/08/2003,"DJ DATA:25/09/2003, PG:00493","A prestação de serviço rural por menor de 12 a 14 anos, até o advento da Lei 8.213, de 24 de julho de 1991, devidamente comprovada, pode ser reconhecida para fins previdenciários.",Lei nº 8.213/91,"REsp 314059/RS, REsp 396338/RS, REsp 397045/SP, REsp 361142/SP, AGREsp 443250/RS, AGREsp 410545/RS, "
3,TURMA NACIONAL DE UNIFORMIZAÇÃO DOS JUIZADOS ESPECIAIS  FEDERAIS,29/04/2003,"DJ DATA:09/05/2003, PG:00725, CANCELADA EM:30/09/2003","Os benefícios de prestação continuada, no regime geral da Previdência Social, devem ser reajustados com base no IGP-DI nos anos de 1997, 1999, 2000 e 2001.","Lei nº 8.213/91, Lei nº 8.542/92, Lei nº 8.700/93, Lei nº 8.880/94, Lei nº 9.711/98, Lei nº 9.971/99, Lei nº 10.259/2001, Decs. 356 e 357/91, MP nº 1.415/96, MP nº 1.663/98, MP nº 2.187-13/2001, MP nº 434/94, MP nº 1.053/95, MP nº 1.824/99, MP nº 1.398/96, MP nº 2.022-17/2000 , Decreto nº 3.826/2001","RESP 236.841/RS, RESP 346.608/SP, RE 304.312-9/RS, RE 219880/RN, RE 318.523-3/RJ, RE 231.412-2/RS, RE 376.852/SC, RE 145.895/SP, AGR em RE 322.348/SC"
10,TURMA NACIONAL DE UNIFORMIZAÇÃO DOS JUIZADOS ESPECIAIS  FEDERAIS,27/11/2003,"DJ DATA:03/12/2003, PG:00607","O tempo de serviço rural anterior à vigência da Lei nº. 8.213/91 pode ser utilizado para fins de contagem recíproca, assim entendida aquela que soma tempo de atividade privada, rural ou urbana, ao de serviço público estatutário, desde que sejam recolhidas as respectivas contribuições previdenciárias.","CF - 1988   CONSTITUIÇÃO FEDERAL DE 1988, Lei nº 8.212/91, Lei nº 8.213/91, Lei nº 10.259/01","ADIn 1664/DF, ROMS 11.583/SC, RE 220.821/RS, RESP 409.563/RS, RESP 202.580/RS, RESP 497.143/RS, RESP 416.995/RS, RMS 11.135/SC"
15,TURMA NACIONAL DE UNIFORMIZAÇÃO DOS JUIZADOS ESPECIAIS  FEDERAIS,10/05/2004,"DJ DATA:24/05/2004 , PG:00459, CANCELADA EM:26/03/2007, DJ DATA:08/05/2007, PG:01025","O valor mensal da pensão por morte concedida antes da Lei nº 9.032, de 28 de abril de 1995, deve ser revisado de acordo com a nova redação dada ao art. 75 da Lei nº 8.213, de 24 de julho de 1991.","CF - 1988   CONSTITUIÇÃO FEDERAL DE 1988, Lei nº 8.213/91, Lei nº 9.032/95, Lei nº 3.807/60, Lei nº 9.528/97, Decreto nº 77.077/76, Decreto nº 89.312/84","ADIn 493/DF, REsp 359.370/RN, REsp 513.239/RJ, REsp 514.004/PB, REsp 441.526/RN, REsp 456.754/AL, AgREsp 354.513/SP, AgRg 492.483/SP , EDREsp 297.274/AL, EDREsp 311.725/AL"
11,TURMA NACIONAL DE UNIFORMIZAÇÃO DOS JUIZADOS ESPECIAIS  FEDERAIS,05/04/2004,"DJ DATA:14/04/2004, PG:00322, CANCELADA EM:24/04/2006, DJ:12/5/2006, PG:00604","A renda mensal, per capita, familiar, superior a ¼ (um quarto) do salário mínimo não impede a concessão do benefício assistencial previsto no art. 20,   § 3º da Lei nº. 8.742 de 1993, desde que comprovada, por outros meios, a miserabilidade do postulante.","CF - 1988   CONSTITUIÇÃO FEDERAL DE 1988, Lei nº 8.742/93, Decreto-Lei nº 4.657/42 - LICC","REsp 222.764/SP, REsp 222.777/SP, REsp 222.778/SP, REsp 288.742/SP, REsp 397.943/SP, REsp 327.836/SP, REsp 435.871/SP, AgRg no Ag 311. 369/SP, AgRg no Ag 419.145/SP"
12,TURMA NACIONAL DE UNIFORMIZAÇÃO DOS JUIZADOS ESPECIAIS  FEDERAIS,05/04/2004,"DJ DATA:14/04/2004, PG:00322","Os juros moratórios são devidos pelo gestor do FGTS e incidem a partir da citação nas ações em que se reclamam diferenças de correção monetária, tenha havido ou não levantamento do saldo, parcial ou integralmente.",Lei nº 9.756/98,"Súmula 163/STF, Súmula 252/STJ, REsp 307.204/RN, REsp 394.088/RS, REsp 428.985/RS, REsp 432.040/PR, REsp 437.223/PR, REsp 428.002/PR, REsp 515.975/MA, EDREsp 428.985/RS"
17,TURMA NACIONAL DE UNIFORMIZAÇÃO DOS JUIZADOS ESPECIAIS  FEDERAIS,10/05/2004,"DJ DATA:24/05/2004 , PG:00459","Não há renúncia tácita no Juizado Especial Federal, para fins de competência.","Lei nº 10.259/01, Lei nº 9.099/95, Lei nº 5.869/73  CÓDIGO DE PROCESSO CIVIL","Enunciado 10 da Turma Recursal do Rio de Janeiro, CC nº 2002.01.00.031948-0/BA, CC nº 2002.02.01.049660-2/RJ, CC nº 2002.02.01.037266-4/RJ, CC nº 2002.04.01.038182-7/SC, Ag nº 2002.04.01.053033-0/RS"
13,TURMA NACIONAL DE UNIFORMIZAÇÃO DOS JUIZADOS ESPECIAIS  FEDERAIS,05/04/2004,"DJ DATA:10/05/2004, PG:00626","O reajuste concedido pelas Leis nºs 8.622/93 e 8.627/93 (28,86%) constituiu revisão geral dos vencimentos e, por isso, é devido também aos militares que não o receberam em sua integralidade, compensado o índice então concedido, sendo limite temporal desse reajuste o advento da MP nº 2.131 de 28/12/2000.","CF - 1988   CONSTITUIÇÃO FEDERAL DE 1988, Lei nº 8.622/93, Lei nº 8.627/93, MP nº 1.704/98, MP nº 2.131/2000","RMS/STF 22.307/DF, Enunciado 16-TR/SJRJ, REsp 527.048/PR, REsp 511.296/MG, REsp 543.917/MG, REsp 478.902/MG, REsp 479.052/BA, REsp 457.164/PE, REsp 531.269/SC"
16,TURMA NACIONAL DE UNIFORMIZAÇÃO DOS JUIZADOS ESPECIAIS  FEDERAIS,10/05/2004,"DJ DATA:24/05/2004 , PG:00459, (CANCELADA EM 27.03.09), DJ DATA:24/04/2009 , PG: 00006","A conversão em tempo de serviço comum, do período trabalhado em condições especiais, somente é possível relativamente à atividade exercida até 28 de maio de 1998 (art. 28 da Lei nº 9.711/98).","CF/1988, art. 201, § 1º, EC 20/1988, EC 47/2005, Lei nº 9.711/1998, Lei nº 8.213/1991, Lei n. 9.032/1995, Decreto n. 4.827/2003","REsp n. 956110-SP, REsp n. 1010028-RN, PU n. 200461842523437 TNU (18.12.2008), PU n. 200763060019190 TNU (18.12.2008), PU n. 200461840057125 TNU (27.03.2009), PU n. 200770950118032 TNU (27.03.2009)"
14,TURMA NACIONAL DE UNIFORMIZAÇÃO DOS JUIZADOS ESPECIAIS  FEDERAIS,10/05/2004,"Súmula 14, DJ DATA:24.05.2004 , PG:00459","Para a concessão de aposentadoria rural por idade, não se exige que o início de prova material corresponda a todo o período equivalente à carência do benefício.",Lei nº 8.213/91,"AgREsp 496.686/SP, AgREsp 298.272/SP, REsp 335.300/RS, REsp 553.755/CE"
18,TURMA NACIONAL DE UNIFORMIZAÇÃO DOS JUIZADOS ESPECIAIS  FEDERAIS,14/02/2020,"DJ DATA 07/10/2004, PG: 00764, (ALTERADA NA SESSÃO DE 14/02/2020), DJe nº 21/2020. DATA: 19/02/2020, PG: 00002","Para fins previdenciários, o cômputo do tempo de serviço prestado como aluno-aprendiz exige a comprovação de que, durante o período de aprendizado,houve  simultaneamente:  (i)  retribuição  consubstanciada  em  prestação  pecuniária  ou  em  auxílios  materiais;  (ii)  à  conta  do  Orçamento;  (iii)  a  título  decontraprestação por labor; (iv) na execução de bens e serviços destinados a terceiros.",,"PEDILEF n. 0525048-76.2017.4.05.8100, julgamento: 14/02/2020"
19,TURMA NACIONAL DE UNIFORMIZAÇÃO DOS JUIZADOS ESPECIAIS  FEDERAIS,31/08/2004,"DJ DATA:07/10/2004 , PG:00764","Para o cálculo da renda mensal inicial do benefício previdenciário, deve ser considerada, na atualização dos salários de contribuição anteriores a março de 1994, a variação integral do IRSM de fevereiro de 1994, na ordem de 39,67% (art. 21, § 1º, da Lei nº 8.880/94).","CF - 1988   CONSTITUIÇÃO FEDERAL DE 1988, Lei nº 8.213/91, Lei nº. 8.542/92, Lei nº 8.880/94, Lei nº 9.528/97, Lei nº 9.711/98, Lei nº 10.839/04, MP nº 434/94, MP nº 1.523-9/97, MP nº 1.596-14/97, MP nº 1.663-15/98, MP nº 138/03","Súmula nº 85/STJ, REsp 304.227/SC, REsp 411.345/SC, REsp 413.187/RS, REsp 421.832/SC, REsp 445.671/SC, REsp 497.057/SP, REsp 523.680/SP, EREsp 226.777/SC, EDREsp 243.858/RS, EDREsp 305.492/SC"
20,TURMA NACIONAL DE UNIFORMIZAÇÃO DOS JUIZADOS ESPECIAIS  FEDERAIS,31/08/2004,"DJ DATA:07/10/2004 , PG:00764/5","A Lei nº 8.112, de 11 de dezembro de 1990, não modificou a situação do servidor celetista anteriormente aposentado pela Previdência Social Urbana.","CF - 1988   CONSTITUIÇÃO FEDERAL DE 1988, Lei nº 1.711/52, Lei nº 8.112/90, Decreto-Lei nº 5.452/43","REsp 96.090/PE, REsp 259.660/RN, REsp 461.440/PR, REsp 556.756/RS"
21,TURMA NACIONAL DE UNIFORMIZAÇÃO DOS JUIZADOS ESPECIAIS  FEDERAIS,31/08/2004,"DJ DATA:07/10/2004, PG:00765","Não há direito adquirido a reajuste de benefícios previdenciários com base na variação do IPC (Índice de Preço ao Consumidor), de janeiro de 1989 (42,72%) e abril de 1990 (44,80%).",,"REsp 178.733/SP, REsp 192.447/SP, EDREsp 156.165/SP, Súmula nº 36/TRF4, AC 9504337643/SC, AC 9704185910/RS"
26,TURMA NACIONAL DE UNIFORMIZAÇÃO DOS JUIZADOS ESPECIAIS  FEDERAIS,07/06/2005,"DJ DATA:22/06/2005, PG:00620","A atividade de vigilante enquadra-se como especial, equiparando-se à de guarda, elencada no item 2.5.7. do Anexo III do Decreto n. 53.831/64.","Decreto n. 53.831/64, Decreto n. 83.080/79","REsp 395.988/RS, REsp 413.614/SC, REsp 441.469/RS"
22,TURMA NACIONAL DE UNIFORMIZAÇÃO DOS JUIZADOS ESPECIAIS  FEDERAIS,31/08/2004,"DJ DATA:07/10/2004, PG:00765","Se a prova pericial realizada em juízo dá conta de que a incapacidade já existia na data do requerimento administrativo, esta é o termo inicial do benefício assistencial.",,"REsp 305.245/SC, REsp 475.388/ES, REsp 478.206/SP, Proc. 2002.34.00.70.4413-7/Turma Recursal do DF, Proc. 2003.36.00.700272-7/Turma Recursal do MT"
28,TURMA NACIONAL DE UNIFORMIZAÇÃO DOS JUIZADOS ESPECIAIS  FEDERAIS,21/11/2005,"DJ DATA:05/01/2006 , PG:00054","Encontra-se prescrita a pretensão de ressarcimento de perdas sofridas na atualização monetária da conta do Plano de Integração Social - PIS-, em virtude de expurgos ocorridos por ocasião dos Planos Econômicos Verão e Collor I.","Decreto n. 20.910/32, Decreto-Lei n. 2.052/83",Enunciado n. 40/RJ
27,TURMA NACIONAL DE UNIFORMIZAÇÃO DOS JUIZADOS ESPECIAIS  FEDERAIS,07/06/2005,"DJ DATA:22/06/2005 , PG:00620",A ausência de registro em órgão do Ministério do Trabalho não impede a comprovação do desemprego por outros meios admitidos em Direito.,Lei n. 8.213/91,"REsp 627.661/RS, Proc. 2004.35.00.719727-6/Turma Recursal de GO, Proc. 2003.61.85.001696-6/Turma Recursal de SP"
23,TURMA NACIONAL DE UNIFORMIZAÇÃO DOS JUIZADOS ESPECIAIS  FEDERAIS,31/01/2005,"DJ DATA:10/03/2005 , PG:00539","As substituições de cargos ou funções de direção ou chefia ou de cargo de natureza especial ocorridas a partir da vigência da Medida Provisória nº 1.522, de 11/10/1996, e até o advento da Lei nº 9.527, de 10/12/1997, quando iguais ou inferiores a trinta dias, não geram direito à remuneração correspondente ao cargo ou função substituída.","CF - 1988   CONSTITUIÇÃO FEDERAL DE 1988, MP nº 1.522/96, MP nº 1.573/97, MP nº 1.595/97, Lei nº 8.112/90, Lei nº 9.527/97","ROMS 11343/DF, ROMS 11971/DF, REsp  255.890/RN, REsp  275.896/DF"
29,TURMA NACIONAL DE UNIFORMIZAÇÃO DOS JUIZADOS ESPECIAIS  FEDERAIS,12/12/2005,"DJ DATA:13/02/2006 , PG:01043","Para os efeitos do art. 20, § 2º, da Lei n. 8.742, de 1993, incapacidade para a vida independente não é só aquela que impede as atividades mais elementares da pessoa, mas também a impossibilita de prover ao próprio sustento.","CF - 1988   CONSTITUIÇÃO FEDERAL DE 1988, Lei n. 8.742/93, Decreto n. 1.744/95",REsp 360.202/AL
24,TURMA NACIONAL DE UNIFORMIZAÇÃO DOS JUIZADOS ESPECIAIS  FEDERAIS,31/01/2005,"DJ DATA:10/03/2005 , PG:00539","O tempo de serviço do segurado trabalhador rural anterior ao advento da Lei nº 8.213/91, sem o recolhimento de contribuições previdenciárias, pode ser considerado para a concessão de benefício previdenciário do Regime Geral de Previdência Social (RGPS), exceto para efeito de carência, conforme a regra do art. 55, §2º, da Lei nº 8.213/91.",Lei nº 8.213/91,"REsp 506.988/RS, REsp 529.386/SC, REsp 538.618/RS, REsp 573.977/RS, REsp 627.471/RS"
30,TURMA NACIONAL DE UNIFORMIZAÇÃO DOS JUIZADOS ESPECIAIS  FEDERAIS,12/12/2005,"DJ DATA:13/02/2006 , PG:01043","Tratando-se de demanda previdenciária, o fato de o imóvel ser superior ao módulo rural não afasta, por si só, a qualificação de seu proprietário como segurado especial, desde que comprovada, nos autos, a sua exploração em regime de economia familiar.",Lei n. 8.213/91,"REsp 529.460/PR, Proc. n. 2002.34.00.703517-2/TO"
25,TURMA NACIONAL DE UNIFORMIZAÇÃO DOS JUIZADOS ESPECIAIS  FEDERAIS,07/06/2005,"DJ DATA:22/06/2005 , PG:00620","A revisão dos valores dos benefícios previdenciários, prevista no art. 58 do ADCT, deve ser feita com base no número de salários mínimos apurado na data da concessão, e não no mês de recolhimento da última contribuição.","ADCT, art. 58","REsp 65.917/SP, REsp 275.896/DF, REsp 462.630/RJ, REsp 600.175/RJ, Edcl no REsp 193.545/SP, Edcl no AgRg no REsp 501.638/SP"
31,TURMA NACIONAL DE UNIFORMIZAÇÃO DOS JUIZADOS ESPECIAIS  FEDERAIS,12/12/2005,"DJ DATA:13/02/2006 , PG:01043",A anotação na CTPS decorrente de sentença trabalhista homologatória constitui início de prova material para fins previdenciários.,Lei n. 8.213/91,"Súmula n. 225/STF, Enunciado n. 12/TST, REsp 319.426/SC, REsp 396.644/RN, REsp 495.237/CE, REsp 495.591/RN, REsp 500.674/CE, REsp 585.511/PB, REsp 652.493/SE, REsp 616.242/RN, AgRg no REsp 529.814/RS, AgRg no AG 659.221/SP"
32,TURMA NACIONAL DE UNIFORMIZAÇÃO DOS JUIZADOS ESPECIAIS  FEDERAIS,09/10/2013,"(CANCELADA EM 9/10/2013), DOU DATA: 11/10/2013, PG:00104","O tempo de trabalho laborado com exposição a ruído é considerado especial, para fins de conversão em comum, nos seguintes níveis: superior a 80 decibéis, na vigência do Decreto n. 53.831/64 e, a contar de 5 de março de 1997, superior a 85 decibéis, por força da edição do Decreto n. 4.882, de 18 de novembro de 2003, quando a Administração Pública reconheceu e declarou a nocividade à saúde de tal índice de ruído. CANCELAMENTO: A Turma Nacional de Uniformização, na Oitava sessão ordinária de 9 de outubro de 2013, aprovou, por unanimidade, o cancelamento da súmula nº 32 (PET 9059/STJ).",,PET 9059/STJ
34,TURMA NACIONAL DE UNIFORMIZAÇÃO DOS JUIZADOS ESPECIAIS  FEDERAIS,26/06/2006,"DJ DATA:04/08/2006, PG:00750","Para fins de comprovação do tempo de labor rural, o início de prova material deve ser contemporâneo à época dos fatos a provar.",,"REsp 434.015/CE, AgRg no EDcl no Ag 561.483/SP, AgRg no REsp 712.825/SP, AR 1808/SP"
33,TURMA NACIONAL DE UNIFORMIZAÇÃO DOS JUIZADOS ESPECIAIS  FEDERAIS,26/06/2006,"DJ DATA:04/08/2006, PG:00750","Quando o segurado houver preenchido os requisitos legais para concessão da aposentadoria por tempo de serviço na data do requerimento administrativo, esta data será o termo inicial da concessão do benefício.","Lei n. 8.213, de 24/7/1991","REsp 503.907/MG, REsp 598.954/SP, REsp 445.604/SC, EREsp 351.291/SP, EDcl no Resp 299.713/SP"
36,TURMA NACIONAL DE UNIFORMIZAÇÃO DOS JUIZADOS ESPECIAIS  FEDERAIS,05/02/2007,"DJ DATA:06/03/2007, PG:00738","Não há vedação legal à cumulação da pensão por morte de trabalhador rural com o benefício da aposentadoria por invalidez, por apresentarem pressupostos fáticos e fatos geradores distintos.","Lei n. 8.213, de 24/7/1991, art. 124",EREsp 168522/RS
35,TURMA NACIONAL DE UNIFORMIZAÇÃO DOS JUIZADOS ESPECIAIS  FEDERAIS,04/12/2006,"DJ DATA:09/01/2007 , PG:00406","A Taxa Selic, composta por juros de mora e correção monetária, incide nas repetições de indébito tributário.","Lei n. 9.250, de 26/12/1995 (art. 39, § 4º), Lei n. 9.532, de 10/12/1997 (art. 73)","RESP 159.442/PR, RESP 197.641/PR, RESP 396.047/PR, RESP 514.872/SC , RESP 623.911/PB, RESP 835.657/MG, RESP 856.868/SP, AgRg no Ag 602146/MG"
40,TURMA NACIONAL DE UNIFORMIZAÇÃO DOS JUIZADOS ESPECIAIS  FEDERAIS,03/09/2007,"DJ DATA:26/09/2007, PG:00704",Nenhuma diferença é devida a título de correção monetária dos depósitos do FGTS relativos ao mês de fevereiro de 1989.,"Lei n. 7.730/89 (Art.17, inciso I), Lei n. 7.738/89 (Art.6º)",REsp 911871/PB
39,TURMA NACIONAL DE UNIFORMIZAÇÃO DOS JUIZADOS ESPECIAIS  FEDERAIS,31/05/2007,"DJ DATA:20/06/2007, PG:00798","Nas ações contra a Fazenda Pública, que versem sobre pagamento de diferenças decorrentes de reajuste nos vencimentos de servidores públicos, ajuizadas após 24/08/2001, os juros de mora devem ser fixados em 6% (seis por cento) ao ano (art. 1º-F da Lei 9.494/97).","Lei n. 9.494/97, art. 1º-F, MP n. 2.180-35/2001","REsp 654745/RS, REsp 688301/SC, AgRg no Ag 680.324/RS, AgRg no REsp 416911/PR"
41,TURMA NACIONAL DE UNIFORMIZAÇÃO DOS JUIZADOS ESPECIAIS  FEDERAIS,08/02/2010,"DJ DATA:03/03/2010, PG:00001","A circunstância de um dos integrantes do núcleo familiar desempenhar atividade urbana não implica, por si só, a descaracterização do trabalhador rural como segurado especial, condição que deve ser analisada no caso concreto.","Lei 8.213/1991 (artigo 11, inciso VII)","REsp 969.473/SP, AgRg no REsp 691.391/PR"
38,TURMA NACIONAL DE UNIFORMIZAÇÃO DOS JUIZADOS ESPECIAIS  FEDERAIS,31/05/2007,"DJ DATA:20/06/2007, PG:00798","Aplica-se subsidiariamente a Tabela de Cálculos de Santa Catarina aos pedidos de revisão de RMI - OTN/ORTN, na atualização dos salários de contribuição.",,
42,TURMA NACIONAL DE UNIFORMIZAÇÃO DOS JUIZADOS ESPECIAIS  FEDERAIS,11/10/2011,"DJ DATA:03/11/2011, PG:00128",Não se conhece de incidente de uniformização que implique reexame de matéria de fato.,,"PEDILEF 0020224-77.2008.4.01.3600 - julgamento: 06/09/2010. DOU 07/10/2011, PEDILEF 2007.70.95.007668-2 - julgamento: 11/10/2010. DOU 08/02/2010, PEDILEF 2007.71.95.015083-5 - julgamento: 02 /12/2010. DOU 11/03/2011, PEDILEF 2009.36.00.702010-3 - julgamento: 05 /05/2011. DOU 17/06/2011, PEDILEF 2009.36.00.702049-4 - julgamento: 11/10/2011. DOU 28/10/2011"
37,TURMA NACIONAL DE UNIFORMIZAÇÃO DOS JUIZADOS ESPECIAIS  FEDERAIS,31/05/2007,"DJ DATA: 20/06/2007, PG:00798","A pensão por morte, devida ao filho até os 21 anos de idade, não se prorroga pela pendência do curso universitário.","Lei n. 8.213/91 (art. 16 e art. 77, §2º, inc. II)",REsp 639487/RS
47,TURMA NACIONAL DE UNIFORMIZAÇÃO DOS JUIZADOS ESPECIAIS  FEDERAIS,29/02/2012,"DOU DATA 15/03/2012, PG: 00119","Uma vez reconhecida a incapacidade parcial para o trabalho, o juiz deve analisar as condições pessoais e sociais do segurado para a concessão de aposentadoria por invalidez.",,"PEDILEF 2007.83.00.505258-6, julgamento: 18/12/2008. DJ de 2/2/2009, PEDILEF 2005.34.00.756217-6, julgamento: 8/2/2010. DJ de 15/3/2010, PEDILEF 2006.63.02.012989-7, julgamento: 24/11/2011. DJ de 9/12/2011, PEDILEF 2007.71.95.027855-4, julgamento: 24/11/2011. DJ de 9/12/2011, PEDILEF 0023291-16.2009.4.01.3600, julgamento: 29/2/2012. DOU 09/3/2012"
49,TURMA NACIONAL DE UNIFORMIZAÇÃO DOS JUIZADOS ESPECIAIS  FEDERAIS,29/02/2012,"DOU DATA 15/03/2012, PG: 00119","Para reconhecimento de condição especial de trabalho antes de 29/4/1995, a exposição a agentes nocivos à saúde ou à integridade física não precisa ocorrer de forma permanente.",,"PEDILEF 2004.51.51.061982-7, julgamento: 28/5/2009. DJ de 20/10/2009, PEDILEF 2007.72.51.004360-5, julgamento: 17/3/2011. DOU de 13/5/2011 , PEDILEF 2007.72.51.008595-8, julgamento: 17/3/2011. DOU de 13/5/2011, PEDILEF 2007.71.95.022763-7, julgamento: 02/8/2011. DOU de 30/8/2011, PEDILEF 0002950-15.2008.4.04.7158, julgamento: 29/2/2012. DOU 09/3/2012"
43,TURMA NACIONAL DE UNIFORMIZAÇÃO DOS JUIZADOS ESPECIAIS  FEDERAIS,11/10/2011,"DJ DATA:03/11/2011, PG:00128",Não cabe incidente de uniformização que verse sobre matéria processual.,"LEG:FED LEI: 10.259 ANO: 2001, ART: 14","PEDILEF 2007.84.00.507445-6 - julgamento: 05 /05/2011. DOU 17/06/2011, PEDILEF 2009.72.95.000321-7 - julgamento: 05 /05/2011. DOU 17/06/2011, PEDILEF 2007.70.50.001328-4 - julgamento: 06 /09/2011. DOU 14/10/2011, PEDILEF 0011212-30.2007.4.01.3000 - julgamento: 11 /10/2011. DOU 28/10/2011"
46,TURMA NACIONAL DE UNIFORMIZAÇÃO DOS JUIZADOS ESPECIAIS  FEDERAIS,29/02/2012,"DOU DATA 15/03/2012, PG: 00119","O exercício de atividade urbana intercalada não impede a concessão de benefício previdenciário de trabalhador rural, condição que deve ser analisada no caso concreto.",,"PEDILEF 2006.70.95.001723-5, julgamento: 13/08/2007. DJ 31/8/2007, PEDILEF 2003.81.10.006421-5, julgamento: 08/4/2010. DJ 11/06/2010, PEDILEF 0500000-29.2005.4.05.8103, julgamento: 29/02/2012. DOU 09/3/2012"
50,TURMA NACIONAL DE UNIFORMIZAÇÃO DOS JUIZADOS ESPECIAIS  FEDERAIS,29/02/2012,"DOU DATA 15/03/2012, PG: 00119",É possível a conversão do tempo de serviço especial em comum do trabalho prestado em qualquer período.,,"PEDILEF 2004.61.84.062244-8, julgamento: 16/1/1/2009.  DJ de 13/5/2010, PEDILEF 2006.83.00.508976-3, julgamento: 02/08/2011. DJ de 14/10/2011, PEDILEF 2005.71.95.020660-1, julgamento: 11/10/2011. DJ de 25/11/2011 , PEDILEF 0002950-15.2008.4.04.7158, julgamento: 29/2/2012. DOU 09/3/2012"
48,TURMA NACIONAL DE UNIFORMIZAÇÃO DOS JUIZADOS ESPECIAIS  FEDERAIS,25/04/2019,"ALTERADA NA SESSÃO DE 25.4.2019, DJe nº 40. DATA: 29/04/2019","Para fins de concessão do benefício assistencial de prestação continuada, o conceito de pessoa com deficiência, que não se confunde necessariamente com situação de incapacidade laborativa, exige a configuração de impedimento de longo prazo com duração mínima de 2 (dois) anos, a ser aferido no caso concreto, desde o início do impedimento até a data prevista para a sua cessação.",,"PEDILEF n. 0073261-97.2014.4.03.6301, julgamento: 25/04/2018."
51,TURMA NACIONAL DE UNIFORMIZAÇÃO DOS JUIZADOS ESPECIAIS  FEDERAIS,30/08/2017,"DJ DATA 15/03/2012, PG: 00119, (CANCELADA EM 30.08.2017), DJe  DATA:20/09/2017 , PG:00002","Os valores recebidos por força de antecipação dos efeitos de tutela, posteriormente revogada em demanda previdenciária, são irrepetíveis em razão da natureza alimentar e da boa-fé no seu recebimento.",,"PEDILEF 0004955-39.2011.4.03.6315, julgamento: 30/08/2017."
45,TURMA NACIONAL DE UNIFORMIZAÇÃO DOS JUIZADOS ESPECIAIS  FEDERAIS,24/11/2011,"DOU DATA 14/12/2011, PG: 00179","Incide correção monetária sobre o salário-maternidade desde a época do parto, independentemente da data do requerimento administrativo.",,"PEDILEF 2007.83.00.537101-1 - julgamento: 05 /05/2011. DOU 24/05/2011 , PEDILEF 2007.83.00.534892-0 - julgamento: 05 /05/2011. DOU 17/06/2011, PEDILEF 0011597-23.2008.4.01.3200 - julgamento: 24/11/2011. DOU 09/12/2011"
44,TURMA NACIONAL DE UNIFORMIZAÇÃO DOS JUIZADOS ESPECIAIS  FEDERAIS,24/11/2011,"DOU DATA 14/12/2011, PG: 00179","Para efeito de aposentadoria urbana por idade, a tabela progressiva de carência prevista no art. 142 da Lei nº 8.213/91 deve ser aplicada em função do ano em que o segurado completa a idade mínima para concessão do benefício, ainda que o período de carência só seja preenchido posteriormente.","LEG:FED LEI: 8.213 ANO: 1991, ART: 142","PEDILEF 2008.72.59.001951-4 - julgamento: 05 /05/2011. DOU 17/06/2011, PEDILEF 2008.72.64.002046-4 - julgamento: 02/08/2011. DOU 30/08/2011, PEDILEF 0022551-92.2008.4.01.3600 - julgamento: 24 /11/201. DOU 09/12/2011"
54,TURMA NACIONAL DE UNIFORMIZAÇÃO DOS JUIZADOS ESPECIAIS  FEDERAIS,25/04/2012,"DOU 07/05/2012, PG. 00112","Para a concessão de aposentadoria por idade de trabalhador rural, o tempo de exercício de atividade equivalente à carência deve ser aferido no período imediatamente anterior ao requerimento administrativo ou à data do implemento da idade mínima.",,"PEDILEF 2007.72.51.003800-2, julgamento: 28/05/2009. DJ 07/10/2009  	  , PEDILEF 2007.38.00.738869-0, julgamento: 19/10/2009. DJ 15/03/2010, PEDILEF 2006.70.51.000943-1, julgamento: 08/02/2010. DJ 05/05/2010 , PEDILEF 2005.71.95.012007-0, julgamento: 06/09/2011. DOU 14/10/2011 , PEDILEF 2006.71.95.008818-9, julgamento: 11/10/2011. DOU 18/11/2011, PEDILEF 2007.38.00.716523-2, julgamento: 29/02/2012. DOU 23/03/2012"
55,TURMA NACIONAL DE UNIFORMIZAÇÃO DOS JUIZADOS ESPECIAIS  FEDERAIS,25/04/2012,"DOU 07/05/2012, PG. 00112",A conversão do tempo de atividade especial em comum deve ocorrer com aplicação do fator multiplicativo em vigor na data da concessão da aposentadoria.,,"PEDILEF 2007.63.06.008925-8, julgamento: 26/09/2008. DJ 15/10/2008, PEDILEF 2006.72.95.016019-0, julgamento: 26/09/2008. DJ 16/01/2009, PEDILEF 2006.51.51.003901-7, julgamento: 16/02/2009. DJ 16/03/2009, PEDILEF 2007.72.95.003208-7, julgamento: 29/03/2012. DOU 27/04/2012"
53,TURMA NACIONAL DE UNIFORMIZAÇÃO DOS JUIZADOS ESPECIAIS  FEDERAIS,25/04/2012,"DOU 07/05/2012, PG. 00112",Não há direito a auxílio-doença ou a aposentadoria por invalidez quando a incapacidade para o trabalho é preexistente ao reingresso do segurado no Regime Geral de Previdência Social.,,"PEDILEF 2008.72.55.005224-5, julgamento: 08/04/2010. DJ 11/06/2010, PEDILEF 2007.70.51.004608-0, julgamento: 10/05/2010. DOU 25/03/2011 , PEDILEF 2008.70.51.004022-7, julgamento: 14/06/2011. DOU 22/07/2011, PEDILEF 2009.33.00.705098-0, julgamento: 29/03/2012. DOU 13/04/2012"
57,TURMA NACIONAL DE UNIFORMIZAÇÃO DOS JUIZADOS ESPECIAIS  FEDERAIS,15/05/2012,"DOU 24/05/2012, PG. 00131","O auxílio-doença e a aposentadoria por invalidez não precedida de auxílio-doença, quando concedidos na vigência da Lei n. 9.876/1999, devem ter o salário de benefício apurado com base na média aritmética simples dos maiores salários de contribuição correspondentes a 80% do período contributivo, independentemente da data de filiação do segurado ou do número de contribuições mensais no período contributivo.",,"PEDILEF 2009.51.51.066212-3, julgamento: 02/8/2011. DOU 16/9/2011 , PEDILEF 2009.51.51.018405-5, julgamento: 13/9/2010. DOU 18/11/2011, PEDILEF 0026098-09-2009.4.01.3600, julgamento: 06/9/2011. DOU 25/11/2011., PEDILEF 2009.51.51.009014-0, julgamento: 29/4/2012."
59,TURMA NACIONAL DE UNIFORMIZAÇÃO DOS JUIZADOS ESPECIAIS  FEDERAIS,15/05/2012,"DOU 24/05/2012, PG. 00132","A ausência de declaração do objeto postado não impede a condenação da ECT a indenizar danos decorrentes do extravio, desde que o conteúdo da postagem seja demonstrado por outros meios de prova admitidos em direito.",,"PEDILEF 2005.84.00.506649-9, julgamento: 19/10/2009. DJ 25/2/2010. , PEDILEF 2007.34.00.701364-8, julgamento: 05/5/2011. DOU 17/6/2011. , PEDILEF 2010.32.00.700133-8, julgamento: 29/3/2012. DOU 11/5/2012., PEDILEF 0505123-05.2010.4.05.8500, julgamento: 29/3/2012. DOU 11/5/2012., PEDILEF 2006.71.50.001751-2, julgamento: 25/4/2012."
60,TURMA NACIONAL DE UNIFORMIZAÇÃO DOS JUIZADOS ESPECIAIS  FEDERAIS,27/06/2012,"(CANCELADA EM 16/03/2016), DOU 21/03/2016, PG. 00080","O décimo terceiro salário não integra o salário de contribuição para fins de cálculo do salário de benefício, independentemente da data da concessão do benefício previdenciário. CANCELAMENTO: Julgando o PEDILEF n. 0055090-29.2013.4.03.6301, na sessão de 16/3/2016, a Turma Nacional de Uniformização, deliberou, por maioria, pelo cancelamento da súmula n. 60, vencidos os Juízes Federais Boaventura João Andrade e Fábio Cesar dos Santos Oliveira.",,"PEDILEF n. 2008.72.53.000258-3, julgamento: 28/5/2009. DJ 28/7/2009. , PEDILEF n. 2009.72.51.008649-2, julgamento: 29/3/2012. DOU 11/5/2012., PEDILEF n. 2010.72.58.002398-9, julgamento: 15/5/2012. DOU 8/6/2012., PEDILEF n. 0007788-29.2008.4.03.6317, julgamento: 15/5/2012."
56,TURMA NACIONAL DE UNIFORMIZAÇÃO DOS JUIZADOS ESPECIAIS  FEDERAIS,25/04/2012,"DOU 07/05/2012, PG. 00112",O prazo de trinta anos para prescrição da pretensão à cobrança de juros progressivos sobre saldo de conta vinculada ao FGTS tem início na data em que deixou de ser feito o crédito e incide sobre cada prestação mensal.,,"PEDILEF 2008.83.00.500409-2, julgamento: 28/05/2009. DJ 25/05/2010, PEDILEF 2006.83.00.520199-0, julgamento: 02/12/2010. DOU 08/04/2011, PEDILEF 2006.83.02.501286-3, julgamento: 17/03/2011. DOU 13/05/2011 , PEDILEF 2006.63.04.006485-9, julgamento: 14/06/2011. DOU 08/07/2011, PEDILEF 2005.63.03.017154-7, julgamento: 29/03/2012. DOU 04/05/2012"
62,TURMA NACIONAL DE UNIFORMIZAÇÃO DOS JUIZADOS ESPECIAIS  FEDERAIS,27/06/2012,"DOU 03/07/2012, PG. 00120","O segurado contribuinte individual pode obter reconhecimento de atividade especial para fins previdenciários, desde que consiga comprovar exposição a agentes nocivos à saúde ou à integridade física.",,"PEDILEF n. 2008.71.95.002186-9, julgamento: 29/3/2012. DOU 27/4/2012., PEDILEF n. 2009.70.52.000439-0, julgamento: 29/2/2012. DOU 9/3/2012., PEDILEF n. 2009.71.95.001907-7, julgamento: 29/2/2012. DOU 9/3/2012., PEDILEF n. 2009.71.95.001753-6, julgamento: 15/5/2012. DOU 1º/6/2012."
52,TURMA NACIONAL DE UNIFORMIZAÇÃO DOS JUIZADOS ESPECIAIS  FEDERAIS,29/03/2012,"DOU DATA 18/04/2012, PG. 00143","Para fins de concessão de pensão por morte, é incabível a regularização do recolhimento de contribuições de segurado contribuinte individual posteriormente a seu óbito, exceto quando as contribuições devam ser arrecadadas por empresa tomadora de serviços.",,"PEDILEF 2005.72.95.013310-7, julgamento: 25/4/2007. DJ de 21/5/2007 , PEDILEF 2005.70.95.015039-3, julgamento: 13/8/2007. DJ de 17/3/2008, PEDILEF 2007.83.00.526892-3, julgamento: 21/11/2008. DJ de 11/12/2008, PEDILEF 2006.72.95.007937-3, julgamento: 16/11/2009. DJ 12/2/2010, PEDILEF 2008.70.51.001971-8, julgamento: 13/9/2010. DOU de 25/3/2011, PEDILEF 2008.70.95.002515-0, julgamento: 13/9/2010. DOU de 8/4/2011 , PEDILEF 2005.63.02.013290-9, julgamento: 24/11/2011. DOU de 9/12/2011 , PEDILEF 2006.33.00.714476-2, julgamento: 29/2/2012."
61,TURMA NACIONAL DE UNIFORMIZAÇÃO DOS JUIZADOS ESPECIAIS  FEDERAIS,27/06/2012,"(CANCELADA EM 11/10/2013), DOU 11/10/2013, PG. 00104","As alterações promovidas pela Lei n. 11.960/2009 têm aplicação imediata na regulação dos juros de mora em condenações contra a Fazenda Pública, inclusive em matéria previdenciária, independentemente da data do ajuizamento da ação ou do trânsito em julgado. CANCELAMENTO: A Turma Nacional de Uniformização, na Oitava sessão ordinária de 9 de outubro de 2013, aprovou, por unanimidade, o cancelamento da súmula nº 61. Precedente: 0003060-22.2006.4.03.6314, de relatoria do Juiz Federal João Batista Lazzari.",,"PEDILEF n. 0500149-22.2010.4.05.8500, julgamento: 11/10/2011. DOU 9/12/2012., PEDILEF n. 2007.72.95.005642-0, julgamento: 2/12/2012. DOU 8/4/2011., PEDILEF n. 0504001-88.2009.4.05.8500, julgamento: 15/5/2012. DOU 1º/6/2012."
63,TURMA NACIONAL DE UNIFORMIZAÇÃO DOS JUIZADOS ESPECIAIS  FEDERAIS,16/08/2012,"DOU 23/08/2012, PG. 0070",A comprovação de união estável para efeito de concessão de pensão por morte prescinde de início de prova material.,,"PEDILEF 2003.51.01.500053-8, julgamento: 24/4/2006, DJ de 23/5/2006., PEDILEF 2004.70.95.007478-7, julgamento: 14/8/2006, DJ de 11/9/2006., PEDILEF 2007.72.95.002652-0, julgamento: 24/4/2009, DJ de 13/10/2009., PEDILEF 2008.39.00.701267-8, julgamento: 24/11/2011, DJ de 2/12/2011., PEDILEF 0010108-12.2009.4.01.4300, julgamento: 27/6/2012, DOU de 27/7/2012."
64,TURMA NACIONAL DE UNIFORMIZAÇÃO DOS JUIZADOS ESPECIAIS  FEDERAIS,18/06/2015,"(CANCELADA EM 18/06/2015), DOU 24/06/2015, PG. 00064","O direito à revisão do ato de indeferimento de benefício previdenciário ou assistencial sujeita-se ao prazo decadencial de dez anos. CANCELAMENTO: Julgando os PEDILEFs 0503504-02.2012.4.05.8102 e 0507719-68.2010.4.05.8400, na sessão de 18/6/2015, a Turma Nacional de Uniformização, deliberou, por maioria, pelo cancelamento da súmula n. 64, vencidos os Juízes Boaventura João Andrade e Sérgio Queiroga.",,"PEDILEF 0508032-49.2007.4.05.8201, julgamento: 25/4/2012, DOU de 6/7/2012., PEDILEF 0506802-35.2008.4.05.8201, julgamento: 15/5/2012, DOU de 6/7/2012., PEDILEF 0502851-36.2008.4.05.8200, julgamento: 27/6/2012, DOU de 6/7/2012."
65,TURMA NACIONAL DE UNIFORMIZAÇÃO DOS JUIZADOS ESPECIAIS  FEDERAIS,11/09/2012,"DOU 24/09/2012, PG. 00114","Os benefícios de auxílio-doença, auxílio-acidente e aposentadoria por invalidez concedidos no período de 28/3/2005 a 20/7/2005 devem ser calculados nos termos da Lei n. 8.213/1991, em sua redação anterior à vigência da Medida Provisória n. 242/2005.",,"PEDILEF 2007.70.66.000523-0, julgamento: 29/2/2012. DOU de 4/5/2012., PEDILEF 2007.33.00.707474-2, julgamento: 15/5/2012. DOU de 1º/6/2012., PEDILEF 2006.70.50.003333-3, julgamento: 16/8/2012.  DOU de 21/9/2012."
58,TURMA NACIONAL DE UNIFORMIZAÇÃO DOS JUIZADOS ESPECIAIS  FEDERAIS,15/05/2012,"DOU 24/05/2012, PG. 00131/132",Não é devido o reajuste na indenização de campo por força da alteração trazida pelo Decreto n. 5.554/2005.,,"PEDILEF 2007.43.00.903550-1, julgamento: 10/5/2010. DJ 5/11/2010, PEDILEF 0027714-87.2007.4.01.3600, julgamento: 06/9/2011. DOU 21/10/2011, PEDILEF 2007.30.00.907017-0, julgamento: 02/8/2011. DOU 28/10/2011, PEDILEF 2007.80.13.505654-8, julgamento: 02/8/2011. DOU 18/11/2011, PEDILEF 0028648-79.2006.4.01.3600, julgamento: 29/3/2012. DOU 11/5/2012, PEDILEF 0026466-86.2007.4.01.3600, julgamento: 25/4/2012"
66,TURMA NACIONAL DE UNIFORMIZAÇÃO DOS JUIZADOS ESPECIAIS  FEDERAIS,11/09/2012,"DOU 24/09/2012, PG. 00114","O servidor público ex-celetista que trabalhava sob condições especiais antes de migrar para o regime estatutário tem direito adquirido à conversão do tempo de atividade especial em tempo comum com o devido acréscimo legal, para efeito de contagem recíproca no regime previdenciário próprio dos servidores públicos.",,"PEDILEF 2006.71.95.000743-8, julgamento: 16/2/2009. DJ de 25/3/2009. , PEDILEF 2004.50.50.009256-5, julgamento: 14/9/2009. DJ de 13/10/2009. , PEDILEF 2004.50.50.002997-1, julgamento: 16/11/2009. DJ de 1º/3/2010. , PEDILEF 2006.50.50.006206-5, julgamento: 11/10/2011. DOU de 28/10/2011. , PEDILEF 2008.33.00.702364-7, julgamento: 29/3/2012. DOU de 27/4/2012. , PEDILEF 2009.70.51.011530-0 julgamento: 16/8/2012. DOU de 31/8/2012."
70,TURMA NACIONAL DE UNIFORMIZAÇÃO DOS JUIZADOS ESPECIAIS  FEDERAIS,08/03/2013,"DOU 13/03/2013, PG. 0064",A atividade de tratorista pode ser equiparada à de motorista de caminhão para fins de reconhecimento de atividade especial mediante enquadramento por categoria profissional.,,"PEDILEF 2009.50.53.000401-9, julgamento: 27/6/2012, DOU de 17/8/2012., PEDILEF 0503865-63.2010.4.05.8401, julgamento: 11/9/2012, DJ de 28/9/2012., PEDILEF 5001015-85.2011.4.04.7015, julgamento: 20/2/2013, DOU de 8/3/2013."
68,TURMA NACIONAL DE UNIFORMIZAÇÃO DOS JUIZADOS ESPECIAIS  FEDERAIS,11/09/2012,"DOU 24/09/2012, PG. 00114",O laudo pericial não contemporâneo ao período trabalhado é apto à comprovação da atividade especial do segurado.,,"PEDILEF 2004.83.20.000881-4, julgamento: 25/4/2007. DJ de 14/5/2007., PEDILEF 2008.72.59.003073-0, julgamento: 11/10/2011. DOU de 28/10/2011., PEDILEF 2006.71.95.024335-3, julgamento: 24/11/2011.  DOU de 2/3/2012., PEDILEF 0000897-55.2009.4.03.6317, julgamento: 16/8/2012. DOU de 31/8/2012."
69,TURMA NACIONAL DE UNIFORMIZAÇÃO DOS JUIZADOS ESPECIAIS  FEDERAIS,08/03/2013,"DOU 13/03/2013, PG. 0064",O tempo de serviço prestado em empresa pública ou em sociedade de economia mista por servidor público federal somente pode ser contado para efeitos de aposentadoria e disponibilidade.,,"PEDILEF 2008.85.00.500062-5, julgamento: 25/5/2009, DJ de 7/7/2009., PEDILEF 2008.85.00.502487-3, julgamento: 25/4/2012, DOU de 1º/6/2012. , PEDILEF 0513636-23.2009.4.05.8200, julgamento: 20/2/2013, DOU de 1º/3/2013."
72,TURMA NACIONAL DE UNIFORMIZAÇÃO DOS JUIZADOS ESPECIAIS  FEDERAIS,08/03/2013,"DOU 13/03/2013, PG. 0064",É possível o recebimento de benefício por incapacidade durante período em que houve exercício de atividade remunerada quando comprovado que o segurado estava incapaz para as atividades habituais na época em que trabalhou.,,"PEDILEF 2008.72.52.004136-1, julgamento: 17/3/2011, DOU de 13/5/2011., PEDILEF 2009.72.54.006451-6, julgamento: 15/5/2012, DOU de 1º/6/2012., PEDILEF 0001994-65.2009.4.04.7254, julgamento: 27/6/2012, DOU de 3/8/2012., PEDILEF 2008.70.59.001110-9, julgamento: 17/8/2012, DOU de 31/8/2012., PEDILEF 2009.33.00.700562-5, julgamento: 20/2/2013, DOU de 1º/3/2013."
73,TURMA NACIONAL DE UNIFORMIZAÇÃO DOS JUIZADOS ESPECIAIS  FEDERAIS,08/03/2013,"DOU 13/03/2013, PG. 0064",O tempo de gozo de auxílio-doença ou de aposentadoria por invalidez não decorrentes de acidente de trabalho só pode ser computado como tempo de contribuição ou para fins de carência quando intercalado entre períodos nos quais houve recolhimento de contribuições para a previdência social.,,"PEDILEF 2009.72.57.000614-2, julgamento: 20/2/2013. DOU de 1º/3/2013. , PEDILEF 2009.72.54.004400-1, julgamento: 29/3/2012 , DOU de 25/5/2012. , PEDILEF 2009.72.54.006369-0, julgamento:15/5/2012, DOU de 15/6/2012. , PEDILEF 2008.72.54.007396-3, julgamento: 29/3/2012, DOU de 27/4/2012. , PEDILEF 2008.72.54.001356-5, julgamento: 16/11/2009, DJ de 23/3/2010."
76,TURMA NACIONAL DE UNIFORMIZAÇÃO DOS JUIZADOS ESPECIAIS  FEDERAIS,07/08/2013,"DOU 14/08/2013, PG. 00071",A averbação de tempo de serviço rural não contributivo não permite majorar o coeficiente de cálculo da renda mensal inicial de aposentadoria por idade previsto no art. 50 da Lei nº 8.213/91.,,"PEDILEF 5007085-45.2011.4.04.7201, julgamento: 17.4.2013. DOU 23.4.2013, PEDILEF 5003839-38.2011.4.04.7202, julgamento: 17.5.2013. DOU 31.5.2013, PEDILEF 5004548-54.2012.4.04.7003, julgamento: 12.6.2013. DOU 28.6.2013"
77,TURMA NACIONAL DE UNIFORMIZAÇÃO DOS JUIZADOS ESPECIAIS  FEDERAIS,04/09/2013,"DOU 06/09/2013, PG. 00201",O julgador não é obrigado a analisar as condições pessoais e sociais quando não reconhecer a incapacidade do requerente para a sua atividade habitual.,,"PEDILEF n. 0020741-39.2009.4.03.6301, julgamento: 8/3/2013. DOU 22/3/2013, PEDILEF n. 0056265-97.2009.4.03.6301, julgamento: 17/4/2013. DOU 26/4/2013, PEDILEF n. 0507072-34.2009.4.05.8101, julgamento: 6/12/2013. DOU 1º/02/2013, PEDILEF n. 0052862-57.2008.4.03.6301, julgamento: 7/8/2013. DOU 16/8/2013"
74,TURMA NACIONAL DE UNIFORMIZAÇÃO DOS JUIZADOS ESPECIAIS  FEDERAIS,17/04/2013,"DOU 22/05/2013, PG. 0066",O prazo de prescrição fica suspenso pela formulação de requerimento administrativo e volta a correr pelo saldo remanescente após a ciência da decisão administrativa final.,,"PEDILEF 5001257-32.2011.4.04.7213, julgamento: 20/2/2012. DOU 8/3/2013, PEDILEF 2010.33.00.700255-8, julgamento: 29/3/2012. DOU 27/4/2012, PEDILEF 0507999-94.2009.4.05.8102, julgamento: 25/4/2012. DOU 25/05/2012, PEDILEF 0005838-11.2005.4.03.6310, julgamento: 17/10/2012. DOU 26/10/2012 , PEDILEF 0502234-79.2008.4.05.8102, julgamento: 17/4/2013. DOU 26/4/2013, PEDILEF 2008.33.00.714131-5, julgamento: 17/4/2013. DOU 23/4/2013"
67,TURMA NACIONAL DE UNIFORMIZAÇÃO DOS JUIZADOS ESPECIAIS  FEDERAIS,11/09/2012,"DOU 24/09/2012, PG. 00114",O auxílio-alimentação recebido em pecúnia por segurado filiado ao Regime Geral da Previdência Social integra o salário de contribuição e sujeita-se à incidência de contribuição previdenciária.,,"PEDILEF 2009.72.50.013134-8, julgamento: 27/6/2012. DOU de 20/7/2012., PEDILEF 2009.72.54.005939-9, julgamento: 27/6/2012. DOU de 27/7/2012., PEDILEF 2009.72.50.009965-9, julgamento: 16/8/2012. DOU de 31/8/2012."
78,TURMA NACIONAL DE UNIFORMIZAÇÃO DOS JUIZADOS ESPECIAIS  FEDERAIS,11/09/2014,"DOU 17/09/2014, PG. 00087","Comprovado que o requerente de benefício é portador do vírus HIV, cabe ao julgador verificar as condições pessoais, sociais, econômicas e culturais, de forma a analisar a incapacidade em sentido amplo, em face da elevada estigmatização social da doença.",,"PEDILEF n. 5003198-07.2012.4.04.7108, julgamento: 11/9/2014. DOU 17/9/2014., PEDILEF n. 0021275-80.2009.4.03.6301, julgamento: 12/6/2013. DOU 21/6/2013., PEDILEF n. 0502848-60.2008.4.05.8401, julgamento: 9/10/2013. DOU 28/10/2013."
71,TURMA NACIONAL DE UNIFORMIZAÇÃO DOS JUIZADOS ESPECIAIS  FEDERAIS,08/03/2013,"DOU 13/03/2013, PG. 0064",O mero contato do pedreiro com o cimento não caracteriza condição especial de trabalho para fins previdenciários.,,"PEDILEF 2007.72.95.001889-3, julgamento: 14/11/2012, DOU de 30/11/2012. , PEDILEF 2008.71.64.000496-1, julgamento: 14/11/2012, DOU de 14/12/2012., PEDILEF 2007.71.54.004946-2, julgamento: 6/12/2012, DOU de 7/1/2013., PEDILEF 5036363-78.2012.4.04.7000, julgamento: 20/2/2013,  DOU de 1º/3/2013."
75,TURMA NACIONAL DE UNIFORMIZAÇÃO DOS JUIZADOS ESPECIAIS  FEDERAIS,12/06/2013,"DOU 13/06/2013, PG. 00136","A Carteira de Trabalho e Previdência Social (CTPS) em relação à qual não se aponta defeito formal que lhe comprometa a fidedignidade goza de presunção relativa de veracidade, formando prova suficiente de tempo de serviço para fins previdenciários, ainda que a anotação de vínculo de emprego não conste no Cadastro Nacional de Informações Sociais (CNIS).",,"PEDILEF 2009.71.63.001726-4, julgamento: 27/6/2012. DOU 6/7/2012, PEDILEF 0026256-69.2006.4.01.3600, julgamento: 16/8/2012. DOU 31/8/2012, PEDILEF 2008.71.95.005883-2, julgamento: 17/10/2012. DOU 5/11/2012"
80,TURMA NACIONAL DE UNIFORMIZAÇÃO DOS JUIZADOS ESPECIAIS  FEDERAIS,15/04/2015,"DOU 24/04/2015, PG. 00162","Nos pedidos de benefício de prestação continuada (LOAS), tendo em vista o advento da Lei 12.470/11, para adequada valoração dos fatores ambientais, sociais, econômicos e pessoais que impactam na participação da pessoa com deficiência na sociedade, é necessária a realização de avaliação social por assistente social ou outras providências aptas a revelar a efetiva condição vivida no meio social pelo requerente.",,"PEDILEF n. 0528310-94.2009.4.05.8300, julgamento: 15/4/2015."
79,TURMA NACIONAL DE UNIFORMIZAÇÃO DOS JUIZADOS ESPECIAIS  FEDERAIS,15/04/2015,"DOU 24/04/2015, PG. 00162","Nas ações em que se postula benefício assistencial, é necessária a comprovação das condições socioeconômicas do autor por laudo de assistente social, por auto de constatação lavrado por oficial de justiça ou, sendo inviabilizados os referidos meios, por prova testemunhal.",,"PEDILEF n. 0528310-94.2009.4.05.8300, julgamento: 15/4/2015."
81,TURMA NACIONAL DE UNIFORMIZAÇÃO DOS JUIZADOS ESPECIAIS  FEDERAIS,09/12/2020,"DOU DATA: 24/06/2015, PG:00064, (ALTERADA EM 09/12/2020), DJe nº  214/2020. DATA: 11/12/2020, PG: 00002","A impugnação de ato de indeferimento, cessação ou cancelamento de benefício previdenciário não se submete a qualquer prazo extintivo, seja em relação à revisão desses atos, seja em relação ao fundo de direito. ",,"PEDILEF n. 0510396-02.2018.4.05.8300, julgamento: 9/12/2020."
84,TURMA NACIONAL DE UNIFORMIZAÇÃO DOS JUIZADOS ESPECIAIS  FEDERAIS,25/06/2017,"DOU DATA: 14/06/2017, PG:00111","Comprovada a situação de desemprego por mais de 3 anos, o trabalhador tem direito ao saque dos valores depositados em sua conta individual do PIS.  ","PEDILEF n. 2010.51.51.023807-8, julgamento: 25/5/2017., PEDILEF n. 2009.51.51.050473-6, julgamento: 12/6/2013. Publicação: 28/6/2013., PEDILEF n 05070241-72.01.04058400, julgamento: 27/6/2012. Publicação: 3/7/2012., PEDILEF n. 2004.40.00.700232-1, julgamento: 16/12/2004. Publicação: 25/1/2005.",
83,TURMA NACIONAL DE UNIFORMIZAÇÃO DOS JUIZADOS ESPECIAIS  FEDERAIS,16/03/2016,"DOU DATA: 21/03/2016, PG:00080","A partir da entrada em vigor da Lei n. 8.870/94, o décimo terceiro salário não integra o salário de contribuição para fins de cálculo do salário de benefício.",,"PEDILEF n. 0055090-29.2013.4.03.6301, julgamento: 16/3/2016."
85,TURMA NACIONAL DE UNIFORMIZAÇÃO DOS JUIZADOS ESPECIAIS  FEDERAIS,21/06/2018,"DOU DATA: 29/08/2018, PG: 00133","É possível a conversão de tempo comum em especial de período(s) anterior(es) ao advento da Lei nº 9.032/95 (que alterou a redação do §3º do art. 57 da Lei nº 8.213/91), desde que todas as condições legais para a concessão do benefício pleiteado tenham sido atendidas antes da publicação da referida lei, independentemente da data de entrada do requerimento (DER).",,"PEDILEF n. 5002357-40.2011.4.04.7207, julgamento: 21/6/2018."
86,TURMA NACIONAL DE UNIFORMIZAÇÃO DOS JUIZADOS ESPECIAIS  FEDERAIS,26/08/2021,"DOU nº 242, DATA: 18/12/2018, (CANCELADA EM 26/08/2021), DOU nº 166, DATA: 01/09/2021 , SEÇÃO 1. PG. 00330, DJeNacional. Disponibilizada em: 01/09/2021, Publicada em: 02/09/2021","Não cabe incidente de uniformização que tenha como objeto principal questão controvertida de natureza constitucional que ainda não tenha sido definida pelo Supremo Tribunal Federal em sua jurisprudência dominante (CANCELAMENTO: Julgando o PEDILEF n. 0521830-35.2020.4.05.8100, a Turma Nacional de Uniformização, na Sexta Sessão Ordinária de Julgamento, de 26 de agosto de 2021, realizada por videoconferência, em questão de ordem, decidiu, à unanimidade, pelo cancelamento do Enunciado da Súmula n. 86).",,PEDILEF n. 0521830-35.2020.4.05.8100. Julgamento 26/08/2021
82,TURMA NACIONAL DE UNIFORMIZAÇÃO DOS JUIZADOS ESPECIAIS  FEDERAIS,19/11/2015,"DOU DATA: 30/11/2015, PG:00145","O código 1.3.2 do quadro anexo ao Decreto n.º 53.831/64, além dos profissionais da área da saúde, contempla os trabalhadores que exercem atividades de serviços gerais em limpeza e higienização@de ambientes hospitalares.",,"PEDILEF n. 501475-35.1.2012.4.04.7001, julgamento: 08/04/2013. DOU 16/8/2013, PEDILEF n. 000002-69.8.2013.4.90.0000, julgamento: 09/04/2014. DOU 25/4/2014, PEDILEF n. 5002599-28.2013.4.04.7013, julgamento:19/ 11/ 2015."
87,TURMA NACIONAL DE UNIFORMIZAÇÃO DOS JUIZADOS ESPECIAIS  FEDERAIS,21/02/2019,"DOU nº 40, DATA: 26/02/2019. , PG: 00058, DJe nº 15/2019. DATA: 26/02/2019.","A eficácia do EPI não obsta o reconhecimento de atividade especial exercida antes de 03/12/1998, data de início da vigência da MP 1.729/98, convertida na Lei n. 9.732/98.",,"PEDILEF n. 0001487-69.2012.4.03.6303, julgamento: 21/02/2019"
